{
  "project_info": {
    "project_number": "690500245423",
    "firebase_url": "https://mad-contest.firebaseio.com",
    "project_id": "mad-contest",
    "storage_bucket": "mad-contest.appspot.com"
  },
  "client": [
    {
      "client_info": {
        "mobilesdk_app_id": "1:690500245423:android:5bd8062a9a05c09311815a",
        "android_client_info": {
          "package_name": "com.example.madcompetition"
        }
      },
      "oauth_client": [
        {
          "client_id": "690500245423-q07rumbusge9dca9qs1q9h8jial3nlk0.apps.googleusercontent.com",
          "client_type": 3
        }
      ],
      "api_key": [
        {
          "current_key": "AIzaSyCaaWkRxBLsAx_ivmFm-mETXpic5PxzvlY"
        }
      ],
      "services": {
        "appinvite_service": {
          "other_platform_oauth_client": [
            {
              "client_id": "690500245423-q07rumbusge9dca9qs1q9h8jial3nlk0.apps.googleusercontent.com",
              "client_type": 3
            }
          ]
        }
      }
    }
  ],
  "configuration_version": "1"
}